{
  "_meta": {
    "sources": [
      "loopback/common/models",
      "loopback/server/models",
      "../common/models",
      "./models"
    ],
    "mixins": [
      "loopback/common/mixins",
      "loopback/server/mixins",
      "../common/mixins",
      "./mixins"
    ]
  },
  "User": {
    "dataSource": "db"
  },
  "AccessToken": {
    "dataSource": "db",
    "public": false
  },
  "ACL": {
    "dataSource": "db",
    "public": false
  },
  "RoleMapping": {
    "dataSource": "db",
    "public": false,
    "options": {
      "strictObjectIDCoercion": true
    }
  },
  "Role": {
    "dataSource": "db",
    "public": false
  },
  "Asignatura": {
    "dataSource": "mysql",
    "public": true,
    "$promise": {},
    "$resolved": true
  },
  "Docente": {
    "dataSource": "mysql",
    "public": true,
    "$promise": {},
    "$resolved": true
  },
  "EstDosAsig": {
    "dataSource": "mysql",
    "public": true,
    "$promise": {},
    "$resolved": true
  },
  "Estudiante": {
    "dataSource": "mysql",
    "public": true,
    "$promise": {},
    "$resolved": true
  }
}
