{
  "name": "Lugares",
  "base": "PersistedModel",
  "idInjection": false,
  "options": {
    "validateUpsert": true
  },
  "mysql": {
    "schema": "turismo",
    "table": "lugares"
  },
  "properties": {
    "id": {
      "type": "Number",
      "id": true,
      "required": true,
      "length": null,
      "precision": 10,
      "scale": 0,
      "mysql": {
        "columnName": "id",
        "dataType": "int",
        "dataLength": null,
        "dataPrecision": 10,
        "dataScale": 0,
        "nullable": "N"
      },
      "_selectable": false
    },
    "nombre": {
      "type": "String",
      "required": false,
      "length": 71,
      "precision": null,
      "scale": null,
      "mysql": {
        "columnName": "Nombre",
        "dataType": "char",
        "dataLength": 71,
        "dataPrecision": null,
        "dataScale": null,
        "nullable": "Y"
      },
      "_selectable": true
    },
    "pais": {
      "type": "String",
      "required": false,
      "length": 25,
      "precision": null,
      "scale": null,
      "mysql": {
        "columnName": "Pais",
        "dataType": "char",
        "dataLength": 25,
        "dataPrecision": null,
        "dataScale": null,
        "nullable": "Y"
      },
      "_selectable": true
    },
    "provincia": {
      "type": "String",
      "required": false,
      "length": 25,
      "precision": null,
      "scale": null,
      "mysql": {
        "columnName": "Provincia",
        "dataType": "char",
        "dataLength": 25,
        "dataPrecision": null,
        "dataScale": null,
        "nullable": "Y"
      },
      "_selectable": true
    },
    "ciudad": {
      "type": "String",
      "required": false,
      "length": 25,
      "precision": null,
      "scale": null,
      "mysql": {
        "columnName": "Ciudad",
        "dataType": "char",
        "dataLength": 25,
        "dataPrecision": null,
        "dataScale": null,
        "nullable": "Y"
      },
      "_selectable": true
    },
    "latitud": {
      "type": "String",
      "required": false,
      "length": 25,
      "precision": null,
      "scale": null,
      "mysql": {
        "columnName": "latitud",
        "dataType": "char",
        "dataLength": 25,
        "dataPrecision": null,
        "dataScale": null,
        "nullable": "Y"
      },
      "_selectable": true
    },
    "longitud": {
      "type": "String",
      "required": false,
      "length": 26,
      "precision": null,
      "scale": null,
      "mysql": {
        "columnName": "longitud",
        "dataType": "char",
        "dataLength": 26,
        "dataPrecision": null,
        "dataScale": null,
        "nullable": "Y"
      },
      "_selectable": true
    },
    "tipo": {
      "type": "String",
      "required": false,
      "length": 21,
      "precision": null,
      "scale": null,
      "mysql": {
        "columnName": "Tipo",
        "dataType": "char",
        "dataLength": 21,
        "dataPrecision": null,
        "dataScale": null,
        "nullable": "Y"
      },
      "_selectable": true
    }
  },
  "validations": [],
  "relations": {},
  "acls": [],
  "methods": {}
}
