{
  "name": "Docente",
  "base": "PersistedModel",
  "idInjection": false,
  "options": {
    "validateUpsert": true
  },
  "mysql": {
    "schema": "sistema_academico",
    "table": "docente"
  },
  "properties": {
    "iddocente": {
      "type": "Number",
      "id": true,
      "required": true,
      "length": null,
      "precision": 10,
      "scale": 0,
      "mysql": {
        "columnName": "idDocente",
        "dataType": "int",
        "dataLength": null,
        "dataPrecision": 10,
        "dataScale": 0,
        "nullable": "N"
      },
      "_selectable": false
    },
    "nombreDos": {
      "type": "String",
      "required": true,
      "length": 45,
      "precision": null,
      "scale": null,
      "mysql": {
        "columnName": "nombre_dos",
        "dataType": "varchar",
        "dataLength": 45,
        "dataPrecision": null,
        "dataScale": null,
        "nullable": "N"
      },
      "_selectable": false
    },
    "apellidoDos": {
      "type": "String",
      "required": true,
      "length": 45,
      "precision": null,
      "scale": null,
      "mysql": {
        "columnName": "apellido_dos",
        "dataType": "varchar",
        "dataLength": 45,
        "dataPrecision": null,
        "dataScale": null,
        "nullable": "N"
      },
      "_selectable": false
    },
    "telefono": {
      "type": "String",
      "required": true,
      "length": 45,
      "precision": null,
      "scale": null,
      "mysql": {
        "columnName": "telefono",
        "dataType": "varchar",
        "dataLength": 45,
        "dataPrecision": null,
        "dataScale": null,
        "nullable": "N"
      },
      "_selectable": false
    },
    "horas": {
      "type": "String",
      "required": true,
      "length": 45,
      "precision": null,
      "scale": null,
      "mysql": {
        "columnName": "horas",
        "dataType": "varchar",
        "dataLength": 45,
        "dataPrecision": null,
        "dataScale": null,
        "nullable": "N"
      },
      "_selectable": false
    },
    "especializacion": {
      "type": "String",
      "required": false,
      "length": 45,
      "precision": null,
      "scale": null,
      "mysql": {
        "columnName": "especializacion",
        "dataType": "varchar",
        "dataLength": 45,
        "dataPrecision": null,
        "dataScale": null,
        "nullable": "Y"
      },
      "_selectable": true
    }
  },
  "validations": [],
  "relations": {},
  "acls": [],
  "methods": {}
}
