{
  "name": "Estudiante",
  "base": "PersistedModel",
  "idInjection": false,
  "options": {
    "validateUpsert": true
  },
  "mysql": {
    "schema": "sistema_academico",
    "table": "estudiante"
  },
  "properties": {
    "idestudiante": {
      "type": "Number",
      "id": true,
      "required": true,
      "length": null,
      "precision": 10,
      "scale": 0,
      "mysql": {
        "columnName": "idEstudiante",
        "dataType": "int",
        "dataLength": null,
        "dataPrecision": 10,
        "dataScale": 0,
        "nullable": "N"
      },
      "_selectable": false
    },
    "cedula": {
      "type": "String",
      "required": true,
      "length": 10,
      "precision": null,
      "scale": null,
      "mysql": {
        "columnName": "cedula",
        "dataType": "varchar",
        "dataLength": 10,
        "dataPrecision": null,
        "dataScale": null,
        "nullable": "N"
      },
      "_selectable": false
    },
    "nombre": {
      "type": "String",
      "required": true,
      "length": 45,
      "precision": null,
      "scale": null,
      "mysql": {
        "columnName": "nombre",
        "dataType": "varchar",
        "dataLength": 45,
        "dataPrecision": null,
        "dataScale": null,
        "nullable": "N"
      },
      "_selectable": false
    },
    "apellido": {
      "type": "String",
      "required": true,
      "length": 45,
      "precision": null,
      "scale": null,
      "mysql": {
        "columnName": "apellido",
        "dataType": "varchar",
        "dataLength": 45,
        "dataPrecision": null,
        "dataScale": null,
        "nullable": "N"
      },
      "_selectable": false
    },
    "direccion": {
      "type": "String",
      "required": true,
      "length": 60,
      "precision": null,
      "scale": null,
      "mysql": {
        "columnName": "direccion",
        "dataType": "varchar",
        "dataLength": 60,
        "dataPrecision": null,
        "dataScale": null,
        "nullable": "N"
      },
      "_selectable": false
    },
    "telefono": {
      "type": "String",
      "required": true,
      "length": 10,
      "precision": null,
      "scale": null,
      "mysql": {
        "columnName": "telefono",
        "dataType": "varchar",
        "dataLength": 10,
        "dataPrecision": null,
        "dataScale": null,
        "nullable": "N"
      },
      "_selectable": false
    }
  },
  "validations": [],
  "relations": {},
  "acls": [],
  "methods": {}
}
